{
	"info": {
		"_postman_id": "9032cb03-5e8a-4278-919d-4a7d08c1442f",
		"name": "cookie关联0220",
		"schema": "https://schema.getpostman.com/json/collection/v2.1.0/collection.json"
	},
	"item": [
		{
			"name": "cookie登录接口",
			"request": {
				"method": "POST",
				"header": [],
				"body": {
					"mode": "urlencoded",
					"urlencoded": [
						{
							"key": "userName",
							"value": "shamo",
							"type": "text"
						},
						{
							"key": "password",
							"value": "123456",
							"type": "text"
						}
					]
				},
				"url": {
					"raw": "{{host}}:{{port}}/pinter/bank/api/login",
					"host": [
						"{{host}}"
					],
					"port": "{{port}}",
					"path": [
						"pinter",
						"bank",
						"api",
						"login"
					]
				}
			},
			"response": []
		},
		{
			"name": "cookie查询余额接口",
			"protocolProfileBehavior": {
				"disableBodyPruning": true
			},
			"request": {
				"method": "GET",
				"header": [],
				"body": {
					"mode": "urlencoded",
					"urlencoded": [
						{
							"key": "userName",
							"value": "shamo",
							"type": "text"
						},
						{
							"key": "password",
							"value": "123456",
							"type": "text"
						}
					]
				},
				"url": {
					"raw": "{{host}}:{{port}}/pinter/bank/api/query?userName=shamo",
					"host": [
						"{{host}}"
					],
					"port": "{{port}}",
					"path": [
						"pinter",
						"bank",
						"api",
						"query"
					],
					"query": [
						{
							"key": "userName",
							"value": "shamo"
						}
					]
				}
			},
			"response": []
		}
	]
}