{
	"id": "caa431ab-5754-4883-a7df-fcc432949744",
	"name": "pinter项目0220",
	"values": [
		{
			"key": "host",
			"value": "http://82.156.74.26",
			"enabled": true
		},
		{
			"key": "port",
			"value": "9088",
			"enabled": true
		},
		{
			"key": "phoneNum",
			"value": "18729399607",
			"enabled": true
		},
		{
			"key": "optCode",
			"value": "testfan",
			"enabled": true
		},
		{
			"key": "timestamp",
			"value": "",
			"enabled": true
		},
		{
			"key": "signMd5",
			"value": "",
			"enabled": true
		},
		{
			"key": "token",
			"value": "",
			"enabled": true
		}
	],
	"_postman_variable_scope": "environment",
	"_postman_exported_at": "2022-02-20T06:07:06.762Z",
	"_postman_exported_using": "Postman/8.12.4"
}